{
  "project_info": {
    "project_number": "52213430427",
    "firebase_url": "https://void-ascension-default-rtdb.firebaseio.com",
    "project_id": "void-ascension",
    "storage_bucket": "void-ascension.appspot.com"
  },
  "client": [
    {
      "client_info": {
        "mobilesdk_app_id": "1:52213430427:android:a3fe3b2f0a76d3982aee3e",
        "android_client_info": {
          "package_name": "com.voidAscension.firebasedb"
        }
      },
      "oauth_client": [
        {
          "client_id": "52213430427-2oclgc27803tlvef4mt4hhf48gn1dl0n.apps.googleusercontent.com",
          "client_type": 3
        }
      ],
      "api_key": [
        {
          "current_key": "AIzaSyBBlCv34OVhmbESeewNf7ZEmMiv1lK65Rc"
        }
      ],
      "services": {
        "appinvite_service": {
          "other_platform_oauth_client": [
            {
              "client_id": "52213430427-2oclgc27803tlvef4mt4hhf48gn1dl0n.apps.googleusercontent.com",
              "client_type": 3
            }
          ]
        }
      }
    }
  ],
  "configuration_version": "1"
}